"Source","Copy","SHA256"
"C:\Users\Dan\Documents\adhd\adhd\adhd\Assets.xcassets\Contents.json","C:\Users\Dan\Documents\adhd\windows\reference\artwork\Contents.json","0FD49BA3C3585C709678E0046A821C3C60685EC7063720D30D3A3448BE3A208B"
"C:\Users\Dan\Documents\adhd\adhd\adhd\Assets.xcassets\AccentColor.colorset\Contents.json","C:\Users\Dan\Documents\adhd\windows\reference\artwork\AccentColor.colorset\Contents.json","9AF65086FA30B49252FAE1A1225731691DE794F7775AF74D71BEFEB507D12B7C"
"C:\Users\Dan\Documents\adhd\adhd\adhd\Assets.xcassets\AppIcon.appiconset\Contents.json","C:\Users\Dan\Documents\adhd\windows\reference\artwork\AppIcon.appiconset\Contents.json","405BB92754399F940D88EEBF695A7A01094730A63EE5A0A11F8BCCF6E0898DFF"
"C:\Users\Dan\Documents\adhd\adhd\adhd\Assets.xcassets\AppIcon.appiconset\icon-ios-1024-dark.png","C:\Users\Dan\Documents\adhd\windows\reference\artwork\AppIcon.appiconset\icon-ios-1024-dark.png","3D8B15805F0C8030D23BEF62FFD59B6C352D52D7CC529D27E016A0CCF00EE4AD"
"C:\Users\Dan\Documents\adhd\adhd\adhd\Assets.xcassets\AppIcon.appiconset\icon-ios-1024-tinted.png","C:\Users\Dan\Documents\adhd\windows\reference\artwork\AppIcon.appiconset\icon-ios-1024-tinted.png","C09E8DB3D49A671A857D2C4C7415E46CA6D5F0D8EE193060C78A54CDDFDE50CD"
"C:\Users\Dan\Documents\adhd\adhd\adhd\Assets.xcassets\AppIcon.appiconset\icon-ios-1024.png","C:\Users\Dan\Documents\adhd\windows\reference\artwork\AppIcon.appiconset\icon-ios-1024.png","5E45A7CA4797C5597E99130FB1BF9B1A88C25E10DE7189A5F0FFF80504E6BEB0"
"C:\Users\Dan\Documents\adhd\adhd\adhd\Assets.xcassets\AppIcon.appiconset\icon-mac-1024.png","C:\Users\Dan\Documents\adhd\windows\reference\artwork\AppIcon.appiconset\icon-mac-1024.png","5E45A7CA4797C5597E99130FB1BF9B1A88C25E10DE7189A5F0FFF80504E6BEB0"
"C:\Users\Dan\Documents\adhd\adhd\adhd\Assets.xcassets\AppIcon.appiconset\icon-mac-128.png","C:\Users\Dan\Documents\adhd\windows\reference\artwork\AppIcon.appiconset\icon-mac-128.png","57C1CE06D0AE0DDC08426EB3126DC89523ECC4428A13A1C2E7D612CAF98ED7D6"
"C:\Users\Dan\Documents\adhd\adhd\adhd\Assets.xcassets\AppIcon.appiconset\icon-mac-16.png","C:\Users\Dan\Documents\adhd\windows\reference\artwork\AppIcon.appiconset\icon-mac-16.png","742EA2D7AE2BD178A3BD5C2C4BE4E9082D38C2271F37808E33CC09066B6A7699"
"C:\Users\Dan\Documents\adhd\adhd\adhd\Assets.xcassets\AppIcon.appiconset\icon-mac-256.png","C:\Users\Dan\Documents\adhd\windows\reference\artwork\AppIcon.appiconset\icon-mac-256.png","E04D921A8E4F20361B3FCF3514C72C39AB8486339CA48D5D0E2B495C4DCB3F86"
"C:\Users\Dan\Documents\adhd\adhd\adhd\Assets.xcassets\AppIcon.appiconset\icon-mac-32.png","C:\Users\Dan\Documents\adhd\windows\reference\artwork\AppIcon.appiconset\icon-mac-32.png","7F49CEB1199F7A42AFB6100B600919B5C98D694B403BD324575752F063B3B847"
"C:\Users\Dan\Documents\adhd\adhd\adhd\Assets.xcassets\AppIcon.appiconset\icon-mac-512.png","C:\Users\Dan\Documents\adhd\windows\reference\artwork\AppIcon.appiconset\icon-mac-512.png","F71FD92552509C9DAD943BB56002D020A3B8C186CA5CBEAE56E74960265FA9A0"
"C:\Users\Dan\Documents\adhd\adhd\adhd\Assets.xcassets\Boggins.imageset\Boggins.png","C:\Users\Dan\Documents\adhd\windows\reference\artwork\Boggins.imageset\Boggins.png","33C771C8A871D84AB7072DD0061420E0BDA72AD778FDA601FA9B796C4E89B259"
"C:\Users\Dan\Documents\adhd\adhd\adhd\Assets.xcassets\Boggins.imageset\Contents.json","C:\Users\Dan\Documents\adhd\windows\reference\artwork\Boggins.imageset\Contents.json","2D29938174FA10A43180F718BE573C1C3B914C5A1B66165098E81B7A78C94EA0"
"C:\Users\Dan\Documents\adhd\adhd\adhd\Assets.xcassets\BogginsPaperDoll.imageset\BogginsPaperDoll.png","C:\Users\Dan\Documents\adhd\windows\reference\artwork\BogginsPaperDoll.imageset\BogginsPaperDoll.png","80F2DD10585C39D8793E79FA5305745CDFECFCE134DCD569A37E94BC57BAB08F"
"C:\Users\Dan\Documents\adhd\adhd\adhd\Assets.xcassets\BogginsPaperDoll.imageset\Contents.json","C:\Users\Dan\Documents\adhd\windows\reference\artwork\BogginsPaperDoll.imageset\Contents.json","7931202CA0646289EE08CFB7448BA45722D1E986C7718CD04B0B95652EF60873"
"C:\Users\Dan\Documents\adhd\adhd\adhd\Assets.xcassets\chest_veilboundcoat_nightveil_cozy.imageset\chest_veilboundcoat_nightveil_cozy.png","C:\Users\Dan\Documents\adhd\windows\reference\artwork\chest_veilboundcoat_nightveil_cozy.imageset\chest_veilboundcoat_nightveil_cozy.png","923E822C0ECAA52F4D078026904E124A5CA8CB82C40BE47661DAE254BBCDFE99"
"C:\Users\Dan\Documents\adhd\adhd\adhd\Assets.xcassets\chest_veilboundcoat_nightveil_cozy.imageset\Contents.json","C:\Users\Dan\Documents\adhd\windows\reference\artwork\chest_veilboundcoat_nightveil_cozy.imageset\Contents.json","D3EA53561B5CE7F08B713FFE12BE06382B7E619E9220E25A9019BCB72AE19589"
"C:\Users\Dan\Documents\adhd\adhd\adhd\Assets.xcassets\Cute_Emberforge_F.imageset\Contents.json","C:\Users\Dan\Documents\adhd\windows\reference\artwork\Cute_Emberforge_F.imageset\Contents.json","1B74FCBE4F56E113CB00A988072ED5C0E642540F484C6C51DFD0338BF0974BDC"
"C:\Users\Dan\Documents\adhd\adhd\adhd\Assets.xcassets\Cute_Emberforge_F.imageset\Cute_Emberforge_F.png","C:\Users\Dan\Documents\adhd\windows\reference\artwork\Cute_Emberforge_F.imageset\Cute_Emberforge_F.png","C17604DE322FB43B9D57F0E9EFE0B7628C3F4C7DBFA45E7EF933A0930F4D4A73"
"C:\Users\Dan\Documents\adhd\adhd\adhd\Assets.xcassets\Cute_Emberforg_M.imageset\Contents.json","C:\Users\Dan\Documents\adhd\windows\reference\artwork\Cute_Emberforg_M.imageset\Contents.json","A19E80ECC6B5A3A278461FD8FBC9A405A37DC3E4B00A83B771DD8A321C8F14DA"
"C:\Users\Dan\Documents\adhd\adhd\adhd\Assets.xcassets\Cute_Emberforg_M.imageset\Cute_Emberforg_M.png","C:\Users\Dan\Documents\adhd\windows\reference\artwork\Cute_Emberforg_M.imageset\Cute_Emberforg_M.png","C17604DE322FB43B9D57F0E9EFE0B7628C3F4C7DBFA45E7EF933A0930F4D4A73"
"C:\Users\Dan\Documents\adhd\adhd\adhd\Assets.xcassets\Cute_Library_SheekF.imageset\Contents.json","C:\Users\Dan\Documents\adhd\windows\reference\artwork\Cute_Library_SheekF.imageset\Contents.json","F780A7D90A6FAD8B61915F7DD17D6B70FC2C82A688C768C643652F8F5A93F4C5"
"C:\Users\Dan\Documents\adhd\adhd\adhd\Assets.xcassets\Cute_Library_SheekF.imageset\Cute_Library_SheekF.png","C:\Users\Dan\Documents\adhd\windows\reference\artwork\Cute_Library_SheekF.imageset\Cute_Library_SheekF.png","F5F62ABA1253ED9294F4F2D56D617AA68D5FABDA04BBC3FD8DC533C0543591AB"
"C:\Users\Dan\Documents\adhd\adhd\adhd\Assets.xcassets\Cute_Library_SheekM.imageset\Contents.json","C:\Users\Dan\Documents\adhd\windows\reference\artwork\Cute_Library_SheekM.imageset\Contents.json","AA14FA7B215AB05738F0BFD0CCA75D1F390E87A02E8791FB4F2D5B14FB8C2E48"
"C:\Users\Dan\Documents\adhd\adhd\adhd\Assets.xcassets\Cute_Library_SheekM.imageset\Cute_Library_SheekM.png","C:\Users\Dan\Documents\adhd\windows\reference\artwork\Cute_Library_SheekM.imageset\Cute_Library_SheekM.png","F5F62ABA1253ED9294F4F2D56D617AA68D5FABDA04BBC3FD8DC533C0543591AB"
"C:\Users\Dan\Documents\adhd\adhd\adhd\Assets.xcassets\Cute_Main_Char_F.imageset\Contents.json","C:\Users\Dan\Documents\adhd\windows\reference\artwork\Cute_Main_Char_F.imageset\Contents.json","90D6B09232E560CDF7B5BACDD0FE8F4C8836C62218D1B6D0545D10B423490ACE"
"C:\Users\Dan\Documents\adhd\adhd\adhd\Assets.xcassets\Cute_Main_Char_F.imageset\Cute_f1.png","C:\Users\Dan\Documents\adhd\windows\reference\artwork\Cute_Main_Char_F.imageset\Cute_f1.png","31077C45E4760A6259E980007D7319B425797157464E42BC1EC0DA408406571E"
"C:\Users\Dan\Documents\adhd\adhd\adhd\Assets.xcassets\Cute_Main_Char_F_Alt.imageset\Contents.json","C:\Users\Dan\Documents\adhd\windows\reference\artwork\Cute_Main_Char_F_Alt.imageset\Contents.json","D2DC4EC68E0AB3946D619F545190C0DE04050D76A7975B16119BD1E2CDC82CA7"
"C:\Users\Dan\Documents\adhd\adhd\adhd\Assets.xcassets\Cute_Main_Char_F_Alt.imageset\Cute_f2.png","C:\Users\Dan\Documents\adhd\windows\reference\artwork\Cute_Main_Char_F_Alt.imageset\Cute_f2.png","CC591534CF1606D02B7CDADDE947F7DDBDB6579007A40ACDDA38AFAAEFC0D9B7"
"C:\Users\Dan\Documents\adhd\adhd\adhd\Assets.xcassets\Cute_Main_Char_M.imageset\Contents.json","C:\Users\Dan\Documents\adhd\windows\reference\artwork\Cute_Main_Char_M.imageset\Contents.json","0A60F5381999B4B19913E05D514E410012D7B8889F2EFFD174FA521EAD4CED93"
"C:\Users\Dan\Documents\adhd\adhd\adhd\Assets.xcassets\Cute_Main_Char_M.imageset\Cute_m1.png","C:\Users\Dan\Documents\adhd\windows\reference\artwork\Cute_Main_Char_M.imageset\Cute_m1.png","B82C32EF5734E8E1AF59004D8A8FFF8F7581A0C790AB94D8F2F2D0C47D1A9D0B"
"C:\Users\Dan\Documents\adhd\adhd\adhd\Assets.xcassets\Cute_Main_Char_M_Alt.imageset\Contents.json","C:\Users\Dan\Documents\adhd\windows\reference\artwork\Cute_Main_Char_M_Alt.imageset\Contents.json","A9CD71BBEB65AA7214FB985C8A75D2C6A3CF17EA837FB8D1A146BDAFE7D5374C"
"C:\Users\Dan\Documents\adhd\adhd\adhd\Assets.xcassets\Cute_Main_Char_M_Alt.imageset\Cute_m2.png","C:\Users\Dan\Documents\adhd\windows\reference\artwork\Cute_Main_Char_M_Alt.imageset\Cute_m2.png","64C6491F463D4D8F50B8BA02334F6F219FBA1D2D2AF478509F6C8CB4062B9B0E"
"C:\Users\Dan\Documents\adhd\adhd\adhd\Assets.xcassets\Cute_Nightveil_F.imageset\Contents.json","C:\Users\Dan\Documents\adhd\windows\reference\artwork\Cute_Nightveil_F.imageset\Contents.json","6F3C30C0F52333F27762930ED95FCCAE6ED8E12EED383B6150B56026D26BF177"
"C:\Users\Dan\Documents\adhd\adhd\adhd\Assets.xcassets\Cute_Nightveil_F.imageset\Cute_Nightveil_F.png","C:\Users\Dan\Documents\adhd\windows\reference\artwork\Cute_Nightveil_F.imageset\Cute_Nightveil_F.png","2AFB532B6083933A9A3DD2E3636764174C2893C9428DD5EC6B9A8252FA83EB48"
"C:\Users\Dan\Documents\adhd\adhd\adhd\Assets.xcassets\Cute_Nightveil_M.imageset\Contents.json","C:\Users\Dan\Documents\adhd\windows\reference\artwork\Cute_Nightveil_M.imageset\Contents.json","4338D56BE6F9684D151AAC5FE0B37BC5F41A746ED135D7B730E562B9099F9C1C"
"C:\Users\Dan\Documents\adhd\adhd\adhd\Assets.xcassets\Cute_Nightveil_M.imageset\Cute_Nightveil_M.png","C:\Users\Dan\Documents\adhd\windows\reference\artwork\Cute_Nightveil_M.imageset\Cute_Nightveil_M.png","2AFB532B6083933A9A3DD2E3636764174C2893C9428DD5EC6B9A8252FA83EB48"
"C:\Users\Dan\Documents\adhd\adhd\adhd\Assets.xcassets\Cute_StandardClothes_F.imageset\Contents.json","C:\Users\Dan\Documents\adhd\windows\reference\artwork\Cute_StandardClothes_F.imageset\Contents.json","90EBA9B24EB933E4A3D91FE7982BDB661C5C2887650AFE59FC356211C871911F"
"C:\Users\Dan\Documents\adhd\adhd\adhd\Assets.xcassets\Cute_StandardClothes_F.imageset\Cute_StandardClothes_F.png","C:\Users\Dan\Documents\adhd\windows\reference\artwork\Cute_StandardClothes_F.imageset\Cute_StandardClothes_F.png","F37B59B69ABFA90F02718FEDE27E680979F8A5F5F9A8D263FDCB64B1C7295FFC"
"C:\Users\Dan\Documents\adhd\adhd\adhd\Assets.xcassets\Cute_StandardClothes_M.imageset\Contents.json","C:\Users\Dan\Documents\adhd\windows\reference\artwork\Cute_StandardClothes_M.imageset\Contents.json","33B3B5E442700A0220DFE175A1E902E20F92954B08560CF9650DF43FB8D99C04"
"C:\Users\Dan\Documents\adhd\adhd\adhd\Assets.xcassets\Cute_StandardClothes_M.imageset\Cute_StandardClothes_M.png","C:\Users\Dan\Documents\adhd\windows\reference\artwork\Cute_StandardClothes_M.imageset\Cute_StandardClothes_M.png","F37B59B69ABFA90F02718FEDE27E680979F8A5F5F9A8D263FDCB64B1C7295FFC"
"C:\Users\Dan\Documents\adhd\adhd\adhd\Assets.xcassets\Cute_Weekly_Monsters 1-9.imageset\Contents.json","C:\Users\Dan\Documents\adhd\windows\reference\artwork\Cute_Weekly_Monsters 1-9.imageset\Contents.json","DEE886ED1DFEAFDE0B8483FD0BD623E8A9C947BD77B802435E52A489755549BB"
"C:\Users\Dan\Documents\adhd\adhd\adhd\Assets.xcassets\Cute_Weekly_Monsters 1-9.imageset\Cute_monsters_1-9.png","C:\Users\Dan\Documents\adhd\windows\reference\artwork\Cute_Weekly_Monsters 1-9.imageset\Cute_monsters_1-9.png","9958C1CA6BD8866B63F2827A477BC6E8F33A0A13D2D49D456E75441BBCE56A21"
"C:\Users\Dan\Documents\adhd\adhd\adhd\Assets.xcassets\Cute_Weekly_monsters 10-18.imageset\Contents.json","C:\Users\Dan\Documents\adhd\windows\reference\artwork\Cute_Weekly_monsters 10-18.imageset\Contents.json","E3BA3C46948C8C95006FF4563056F405761CF06D70E88B1647097ED3ED7EA3C2"
"C:\Users\Dan\Documents\adhd\adhd\adhd\Assets.xcassets\Cute_Weekly_monsters 10-18.imageset\Cute_monsters 10-18.png","C:\Users\Dan\Documents\adhd\windows\reference\artwork\Cute_Weekly_monsters 10-18.imageset\Cute_monsters 10-18.png","110B5A14877D58FE008089E578F56C17C8CA39AAD81435013169A291AEBDD37F"
"C:\Users\Dan\Documents\adhd\adhd\adhd\Assets.xcassets\Egg_ancient_arcane_dragon.imageset\ancient_arcane_dragon.png","C:\Users\Dan\Documents\adhd\windows\reference\artwork\Egg_ancient_arcane_dragon.imageset\ancient_arcane_dragon.png","771A443B4DE8987A9B7C70D5E8B26C910DBAD048100694A690B953CC7F8C2489"
"C:\Users\Dan\Documents\adhd\adhd\adhd\Assets.xcassets\Egg_ancient_arcane_dragon.imageset\Contents.json","C:\Users\Dan\Documents\adhd\windows\reference\artwork\Egg_ancient_arcane_dragon.imageset\Contents.json","C9D8883DA4DD8CD777B463B4D7F3DAAA596B8BA33AFB1AC5D8F309466A1FADF3"
"C:\Users\Dan\Documents\adhd\adhd\adhd\Assets.xcassets\Egg_arcane_drake_egg.imageset\arcane_drake_egg.png","C:\Users\Dan\Documents\adhd\windows\reference\artwork\Egg_arcane_drake_egg.imageset\arcane_drake_egg.png","271575CA416CFBF613C485613BE07AE78C768A5BB0F2C2559A8780DCD0B4FC2C"
"C:\Users\Dan\Documents\adhd\adhd\adhd\Assets.xcassets\Egg_arcane_drake_egg.imageset\Contents.json","C:\Users\Dan\Documents\adhd\windows\reference\artwork\Egg_arcane_drake_egg.imageset\Contents.json","F0FB61E9CBB8961A5E79A41D0ED65E7CDC08729FC4467259ACA0D017462B67BF"
"C:\Users\Dan\Documents\adhd\adhd\adhd\Assets.xcassets\Egg_colossal_seven_headed_hydra.imageset\colossal_seven_headed_hydra.png","C:\Users\Dan\Documents\adhd\windows\reference\artwork\Egg_colossal_seven_headed_hydra.imageset\colossal_seven_headed_hydra.png","F4D7B57BB77EBFA382F9E733DB637EEEB1F4F96750F32779F654BD94EA6E7203"
"C:\Users\Dan\Documents\adhd\adhd\adhd\Assets.xcassets\Egg_colossal_seven_headed_hydra.imageset\Contents.json","C:\Users\Dan\Documents\adhd\windows\reference\artwork\Egg_colossal_seven_headed_hydra.imageset\Contents.json","D4863E8FD0A7D4476E29C1541458411DB4F4053FC0914CDF8025D038D34CC7A5"
"C:\Users\Dan\Documents\adhd\adhd\adhd\Assets.xcassets\Egg_elder_stone_gaze_basilisk.imageset\Contents.json","C:\Users\Dan\Documents\adhd\windows\reference\artwork\Egg_elder_stone_gaze_basilisk.imageset\Contents.json","D71F257AFABBD8D33A58EF77E873A3F5D6AFA993CB6D5438F7D2167168D914AC"
"C:\Users\Dan\Documents\adhd\adhd\adhd\Assets.xcassets\Egg_elder_stone_gaze_basilisk.imageset\elder_stone_gaze_basilisk.png","C:\Users\Dan\Documents\adhd\windows\reference\artwork\Egg_elder_stone_gaze_basilisk.imageset\elder_stone_gaze_basilisk.png","61243A73CA1BAD070D83C5777A7FFD8E4C5BF79D50C09BC9A65950BC14A25791"
"C:\Users\Dan\Documents\adhd\adhd\adhd\Assets.xcassets\Egg_fluffy_gold_gryphon_chick.imageset\Contents.json","C:\Users\Dan\Documents\adhd\windows\reference\artwork\Egg_fluffy_gold_gryphon_chick.imageset\Contents.json","0A07024A2DB0E392101C4F5138A03EA435F046C589701E16C21E5E2FA19E4360"
"C:\Users\Dan\Documents\adhd\adhd\adhd\Assets.xcassets\Egg_fluffy_gold_gryphon_chick.imageset\fluffy_gold_gryphon_chick.png","C:\Users\Dan\Documents\adhd\windows\reference\artwork\Egg_fluffy_gold_gryphon_chick.imageset\fluffy_gold_gryphon_chick.png","A8383CA6B242658721ECE3683ACDD6EAF11DA16695F73859F24558958E7EC1DC"
"C:\Users\Dan\Documents\adhd\adhd\adhd\Assets.xcassets\Egg_grey_stone_scaled_basilisk.imageset\Contents.json","C:\Users\Dan\Documents\adhd\windows\reference\artwork\Egg_grey_stone_scaled_basilisk.imageset\Contents.json","718164232BF75A5A33B9934EEDFC47FF597E71E6B68C283B7ADE389F6E98090B"
"C:\Users\Dan\Documents\adhd\adhd\adhd\Assets.xcassets\Egg_grey_stone_scaled_basilisk.imageset\grey_stone_scaled_basilisk.png","C:\Users\Dan\Documents\adhd\windows\reference\artwork\Egg_grey_stone_scaled_basilisk.imageset\grey_stone_scaled_basilisk.png","A3A10C2D3B189D49FDA1375D549D0C35692608DA39C490AAC73B3C2BB1D92389"
"C:\Users\Dan\Documents\adhd\adhd\adhd\Assets.xcassets\Egg_regal_storm_gryphon.imageset\Contents.json","C:\Users\Dan\Documents\adhd\windows\reference\artwork\Egg_regal_storm_gryphon.imageset\Contents.json","CCA6751CA92A7F1EEFE6B1D28505B4D11B2880F7A26027F4A28C6CE864BEDDFD"
"C:\Users\Dan\Documents\adhd\adhd\adhd\Assets.xcassets\Egg_regal_storm_gryphon.imageset\regal_storm_gryphon.png","C:\Users\Dan\Documents\adhd\windows\reference\artwork\Egg_regal_storm_gryphon.imageset\regal_storm_gryphon.png","8F157E1C5045EF9E7ABBDC91CF83C7419972B30CC91072EECD4EAFD02CE6CDA4"
"C:\Users\Dan\Documents\adhd\adhd\adhd\Assets.xcassets\Egg_silent_basilisk_egg.imageset\Contents.json","C:\Users\Dan\Documents\adhd\windows\reference\artwork\Egg_silent_basilisk_egg.imageset\Contents.json","D2CED8EC38B432865E350D7ABB0B16D916654A886C9EF5507F5E37E85AB115DB"
"C:\Users\Dan\Documents\adhd\adhd\adhd\Assets.xcassets\Egg_silent_basilisk_egg.imageset\silent_basilisk_egg.png","C:\Users\Dan\Documents\adhd\windows\reference\artwork\Egg_silent_basilisk_egg.imageset\silent_basilisk_egg.png","BFF2D6A7214A356FD209D9B5DA15D1B986630EF13D3FA8C271679A0D4A3333A3"
"C:\Users\Dan\Documents\adhd\adhd\adhd\Assets.xcassets\Egg_sleek_sky_gryphon.imageset\Contents.json","C:\Users\Dan\Documents\adhd\windows\reference\artwork\Egg_sleek_sky_gryphon.imageset\Contents.json","5A14FA659E338532CF1FE569BA484AA356F821F837DB88A0BE27FC51E0792092"
"C:\Users\Dan\Documents\adhd\adhd\adhd\Assets.xcassets\Egg_sleek_sky_gryphon.imageset\sleek_sky_gryphon.png","C:\Users\Dan\Documents\adhd\windows\reference\artwork\Egg_sleek_sky_gryphon.imageset\sleek_sky_gryphon.png","F3FAC040AB492B544ADB06E16E8A79F7CF9E240428651D8FC6203D88C4619160"
"C:\Users\Dan\Documents\adhd\adhd\adhd\Assets.xcassets\Egg_small_green_two_headed_hydra.imageset\Contents.json","C:\Users\Dan\Documents\adhd\windows\reference\artwork\Egg_small_green_two_headed_hydra.imageset\Contents.json","17F52FF5E59BDFBE2F016630E07BAB69B2CF4647F6EFBB23F58D5AEC21389CF5"
"C:\Users\Dan\Documents\adhd\adhd\adhd\Assets.xcassets\Egg_small_green_two_headed_hydra.imageset\small_green_two_headed_hydra.png","C:\Users\Dan\Documents\adhd\windows\reference\artwork\Egg_small_green_two_headed_hydra.imageset\small_green_two_headed_hydra.png","8BDD59B4BB0DF5F96DDC5EAFB4F2DB25168B3848635A3708DB9AB1B1B7D50567"
"C:\Users\Dan\Documents\adhd\adhd\adhd\Assets.xcassets\Egg_spiked_forest_basilisk.imageset\Contents.json","C:\Users\Dan\Documents\adhd\windows\reference\artwork\Egg_spiked_forest_basilisk.imageset\Contents.json","C33E251DDA4E9645C93058CD7CF22F7380CFC3B260A9FFDDE49BA983700CCADE"
"C:\Users\Dan\Documents\adhd\adhd\adhd\Assets.xcassets\Egg_spiked_forest_basilisk.imageset\spiked_forest_basilisk.png","C:\Users\Dan\Documents\adhd\windows\reference\artwork\Egg_spiked_forest_basilisk.imageset\spiked_forest_basilisk.png","8E578ADD18D3316AB7EDFFC11750BD81F53EE34F59B4786B71630CD2013DC10A"
"C:\Users\Dan\Documents\adhd\adhd\adhd\Assets.xcassets\Egg_storm_gryphon_egg.imageset\Contents.json","C:\Users\Dan\Documents\adhd\windows\reference\artwork\Egg_storm_gryphon_egg.imageset\Contents.json","F78A83E77F84D93661D2A725A412E85BD2839F6EA30DFF3B7B8E637B6600CFFA"
"C:\Users\Dan\Documents\adhd\adhd\adhd\Assets.xcassets\Egg_storm_gryphon_egg.imageset\storm_gryphon_egg.png","C:\Users\Dan\Documents\adhd\windows\reference\artwork\Egg_storm_gryphon_egg.imageset\storm_gryphon_egg.png","E52BC3E1D2D5A02250CBA024DADC2EC00E2F0429C93ADFD9EAEE7665109B3343"
"C:\Users\Dan\Documents\adhd\adhd\adhd\Assets.xcassets\Egg_three_headed_swamp_hydra.imageset\Contents.json","C:\Users\Dan\Documents\adhd\windows\reference\artwork\Egg_three_headed_swamp_hydra.imageset\Contents.json","A51505DE3D3D5D9880A76744D4725EF646046D425641FB715AAFB6D1ACF5C09B"
"C:\Users\Dan\Documents\adhd\adhd\adhd\Assets.xcassets\Egg_three_headed_swamp_hydra.imageset\three_headed_swamp_hydra.png","C:\Users\Dan\Documents\adhd\windows\reference\artwork\Egg_three_headed_swamp_hydra.imageset\three_headed_swamp_hydra.png","55EE6F759FBF3E049D07479EDA933C13503DB450379C882ADF6121E2814DE080"
"C:\Users\Dan\Documents\adhd\adhd\adhd\Assets.xcassets\Egg_tiny_purple_drake.imageset\Contents.json","C:\Users\Dan\Documents\adhd\windows\reference\artwork\Egg_tiny_purple_drake.imageset\Contents.json","2C18EF0BF39001808C007D14F3D3E0818F48634D4B1A0D92308F6062E0D9B949"
"C:\Users\Dan\Documents\adhd\adhd\adhd\Assets.xcassets\Egg_tiny_purple_drake.imageset\tiny_purple_drake.png","C:\Users\Dan\Documents\adhd\windows\reference\artwork\Egg_tiny_purple_drake.imageset\tiny_purple_drake.png","9A73E560CA7C99996513A346D05F2C4F8BD87B431D0F869F910B172F70AEB2E4"
"C:\Users\Dan\Documents\adhd\adhd\adhd\Assets.xcassets\Egg_wild_hydra_egg.imageset\Contents.json","C:\Users\Dan\Documents\adhd\windows\reference\artwork\Egg_wild_hydra_egg.imageset\Contents.json","4CBE50169C88579989771625536A12E4E9F108023A90EACBDBDB402D8A9069F3"
"C:\Users\Dan\Documents\adhd\adhd\adhd\Assets.xcassets\Egg_wild_hydra_egg.imageset\wild_hydra_egg.png","C:\Users\Dan\Documents\adhd\windows\reference\artwork\Egg_wild_hydra_egg.imageset\wild_hydra_egg.png","A7C00F0932C2255E135E8893A6BF586FD80D4B10C363A29409A72B9EF8FD053B"
"C:\Users\Dan\Documents\adhd\adhd\adhd\Assets.xcassets\Egg_winged_arcane_drake.imageset\Contents.json","C:\Users\Dan\Documents\adhd\windows\reference\artwork\Egg_winged_arcane_drake.imageset\Contents.json","93C4035738EC9C566716CAA45E7DCE3289AB3D8C23E1B15EBE6A7F0AB7A21785"
"C:\Users\Dan\Documents\adhd\adhd\adhd\Assets.xcassets\Egg_winged_arcane_drake.imageset\winged_arcane_drake.png","C:\Users\Dan\Documents\adhd\windows\reference\artwork\Egg_winged_arcane_drake.imageset\winged_arcane_drake.png","52B9378130AE71C84CB7348F58F75136CAEEF458904A926F1783689E00E317D1"
"C:\Users\Dan\Documents\adhd\adhd\adhd\Assets.xcassets\Emberforge_F.imageset\Contents.json","C:\Users\Dan\Documents\adhd\windows\reference\artwork\Emberforge_F.imageset\Contents.json","F601554E1B712E62C5514DCBEED98D48CDD2BADDE69044C35F25129F048EB617"
"C:\Users\Dan\Documents\adhd\adhd\adhd\Assets.xcassets\Emberforge_F.imageset\Emberforge_F.png","C:\Users\Dan\Documents\adhd\windows\reference\artwork\Emberforge_F.imageset\Emberforge_F.png","4EEABCF5039DF213A8EBC49DBB0528F4F6FC938FC9EB5DC59AB1961FE04243BE"
"C:\Users\Dan\Documents\adhd\adhd\adhd\Assets.xcassets\Emberforg_M.imageset\Contents.json","C:\Users\Dan\Documents\adhd\windows\reference\artwork\Emberforg_M.imageset\Contents.json","9A639A9E1E31A0FB1B9E6F31DD5BC6C2B97F4D843589999545FD46973638B96C"
"C:\Users\Dan\Documents\adhd\adhd\adhd\Assets.xcassets\Emberforg_M.imageset\Emberforg_M.png","C:\Users\Dan\Documents\adhd\windows\reference\artwork\Emberforg_M.imageset\Emberforg_M.png","A4D56751396F88B9B2FAF411DBC739BE0F9F8A2DC747ED9A7896489A665C1BE4"
"C:\Users\Dan\Documents\adhd\adhd\adhd\Assets.xcassets\feet_moonstepboots_nightveil_cozy.imageset\Contents.json","C:\Users\Dan\Documents\adhd\windows\reference\artwork\feet_moonstepboots_nightveil_cozy.imageset\Contents.json","FF1F83B57B33F11EF28315F1CF68F7DA6A427BFE9313630088C80E25524F6495"
"C:\Users\Dan\Documents\adhd\adhd\adhd\Assets.xcassets\feet_moonstepboots_nightveil_cozy.imageset\feet_moonstepboots_nightveil_cozy.png","C:\Users\Dan\Documents\adhd\windows\reference\artwork\feet_moonstepboots_nightveil_cozy.imageset\feet_moonstepboots_nightveil_cozy.png","65748700FB1215F91DC8A89DE4EC30C033770EC9D55E6898D3609C632495079E"
"C:\Users\Dan\Documents\adhd\adhd\adhd\Assets.xcassets\hands_shadowtouchgloves_nightveil_cozy.imageset\Contents.json","C:\Users\Dan\Documents\adhd\windows\reference\artwork\hands_shadowtouchgloves_nightveil_cozy.imageset\Contents.json","E0724873055F0A5FF75715ADD83D0837302D3C1E78158EE03FFF3B29543344FE"
"C:\Users\Dan\Documents\adhd\adhd\adhd\Assets.xcassets\hands_shadowtouchgloves_nightveil_cozy.imageset\hands_shadowtouchgloves_nightveil_cozy.png","C:\Users\Dan\Documents\adhd\windows\reference\artwork\hands_shadowtouchgloves_nightveil_cozy.imageset\hands_shadowtouchgloves_nightveil_cozy.png","6B2E65B96700B3FBA827A411761BF34DCE0343C60A535B8AB61CD69607F346F1"
"C:\Users\Dan\Documents\adhd\adhd\adhd\Assets.xcassets\head_nightveilhood_nightveil_cozy.imageset\Contents.json","C:\Users\Dan\Documents\adhd\windows\reference\artwork\head_nightveilhood_nightveil_cozy.imageset\Contents.json","BE76F320B82A78F76205C1AA22719820151A1CFB81B8E29B9D9FF8CD13B2182B"
"C:\Users\Dan\Documents\adhd\adhd\adhd\Assets.xcassets\head_nightveilhood_nightveil_cozy.imageset\head_nightveilhood_nightveil_cozy.png","C:\Users\Dan\Documents\adhd\windows\reference\artwork\head_nightveilhood_nightveil_cozy.imageset\head_nightveilhood_nightveil_cozy.png","104FF70AEFA116E9761FAA907FE4D10E2D8C7E587644EA9D0F8135DC961FFDAF"
"C:\Users\Dan\Documents\adhd\adhd\adhd\Assets.xcassets\legs_duskweaveleggings_nightveil_cozy.imageset\Contents.json","C:\Users\Dan\Documents\adhd\windows\reference\artwork\legs_duskweaveleggings_nightveil_cozy.imageset\Contents.json","BBDD6A74FDA4EC5F965E24C88992026ACAA30629BF9FD76199C1E6F5B36D7873"
"C:\Users\Dan\Documents\adhd\adhd\adhd\Assets.xcassets\legs_duskweaveleggings_nightveil_cozy.imageset\legs_duskweaveleggings_nightveil_cozy.png","C:\Users\Dan\Documents\adhd\windows\reference\artwork\legs_duskweaveleggings_nightveil_cozy.imageset\legs_duskweaveleggings_nightveil_cozy.png","4EA341B189DEB40BAF58CA7220EB02E7CB0E2B5623B8DC16F8E92C8E2925D927"
"C:\Users\Dan\Documents\adhd\adhd\adhd\Assets.xcassets\Library_SheekF.imageset\Contents.json","C:\Users\Dan\Documents\adhd\windows\reference\artwork\Library_SheekF.imageset\Contents.json","7467A89B8316379838A465FFA154100730D9D9AF1646CC4AE150040CD68C8A6B"
"C:\Users\Dan\Documents\adhd\adhd\adhd\Assets.xcassets\Library_SheekF.imageset\Library_SheekF.png","C:\Users\Dan\Documents\adhd\windows\reference\artwork\Library_SheekF.imageset\Library_SheekF.png","10F440472901817E8EE4A953600B39E4EC71EC260E877FC1546A30209A7F9EC9"
"C:\Users\Dan\Documents\adhd\adhd\adhd\Assets.xcassets\Library_SheekM.imageset\Contents.json","C:\Users\Dan\Documents\adhd\windows\reference\artwork\Library_SheekM.imageset\Contents.json","F9852740BAE0135136392D366938253EDB6C9981AA016F107282441F3F1127CC"
"C:\Users\Dan\Documents\adhd\adhd\adhd\Assets.xcassets\Library_SheekM.imageset\Library_SheekM.png","C:\Users\Dan\Documents\adhd\windows\reference\artwork\Library_SheekM.imageset\Library_SheekM.png","A6F46DA8FC834D9F49094F219FD3A9DFB7F43118B57D01E1E7AB7C586BA49878"
"C:\Users\Dan\Documents\adhd\adhd\adhd\Assets.xcassets\Main_Char_F.imageset\Contents.json","C:\Users\Dan\Documents\adhd\windows\reference\artwork\Main_Char_F.imageset\Contents.json","541442E63B61DD58C7374AAC53934B49290551AF8F7A4B39E02DA68704E987DE"
"C:\Users\Dan\Documents\adhd\adhd\adhd\Assets.xcassets\Main_Char_F.imageset\Main_Char_F.png","C:\Users\Dan\Documents\adhd\windows\reference\artwork\Main_Char_F.imageset\Main_Char_F.png","54EABA7845A983A23B5B51AFB210D6442EDB0899F35AC8429463563976EC7702"
"C:\Users\Dan\Documents\adhd\adhd\adhd\Assets.xcassets\Main_Char_M.imageset\Contents.json","C:\Users\Dan\Documents\adhd\windows\reference\artwork\Main_Char_M.imageset\Contents.json","D18D825CCBB0986047E8B09270763180A680B8723D4D426BA18A430F3313CA44"
"C:\Users\Dan\Documents\adhd\adhd\adhd\Assets.xcassets\Main_Char_M.imageset\Main_Char_M.png","C:\Users\Dan\Documents\adhd\windows\reference\artwork\Main_Char_M.imageset\Main_Char_M.png","2A3A828F0CB4F03E3B42133F94033949EF54A16862813E33104E2259BBCAF6C9"
"C:\Users\Dan\Documents\adhd\adhd\adhd\Assets.xcassets\neck_pendantoftwilight_nightveil_cozy.imageset\Contents.json","C:\Users\Dan\Documents\adhd\windows\reference\artwork\neck_pendantoftwilight_nightveil_cozy.imageset\Contents.json","BEACD263C2FA003B283F883C08332ED353832D27B5A34E794A3FDC10C9B53E45"
"C:\Users\Dan\Documents\adhd\adhd\adhd\Assets.xcassets\neck_pendantoftwilight_nightveil_cozy.imageset\neck_pendantoftwilight_nightveil_cozy.png","C:\Users\Dan\Documents\adhd\windows\reference\artwork\neck_pendantoftwilight_nightveil_cozy.imageset\neck_pendantoftwilight_nightveil_cozy.png","F66BC2E0D968C69659E7F85735EF362AC02CA7A502FFCF34E9E87CB4E16BA93B"
"C:\Users\Dan\Documents\adhd\adhd\adhd\Assets.xcassets\nightveil_cozy_wearables_sheet.imageset\Contents.json","C:\Users\Dan\Documents\adhd\windows\reference\artwork\nightveil_cozy_wearables_sheet.imageset\Contents.json","60E714EF66F857EDEF8157DFBD56B7FBA585FD79FFEBDBC7BB7647B8BB28CCD3"
"C:\Users\Dan\Documents\adhd\adhd\adhd\Assets.xcassets\nightveil_cozy_wearables_sheet.imageset\nightveil_cozy_wearables_sheet.png","C:\Users\Dan\Documents\adhd\windows\reference\artwork\nightveil_cozy_wearables_sheet.imageset\nightveil_cozy_wearables_sheet.png","473505AA0F1D3A200C3262A00570A2DEE38A23BB26772067F3836571AAFB62C5"
"C:\Users\Dan\Documents\adhd\adhd\adhd\Assets.xcassets\Nightveil_F.imageset\Contents.json","C:\Users\Dan\Documents\adhd\windows\reference\artwork\Nightveil_F.imageset\Contents.json","52BE5BA1400FCEB51A704759D83F86B14E4231ED5882B9E7D282533A84288746"
"C:\Users\Dan\Documents\adhd\adhd\adhd\Assets.xcassets\Nightveil_F.imageset\Nightveil_F.png","C:\Users\Dan\Documents\adhd\windows\reference\artwork\Nightveil_F.imageset\Nightveil_F.png","B69EBD51E8CB0076F0882A6AAD3F5C47F5BA4F5579C44DBD106D3B083E8B1214"
"C:\Users\Dan\Documents\adhd\adhd\adhd\Assets.xcassets\Nightveil_M.imageset\Contents.json","C:\Users\Dan\Documents\adhd\windows\reference\artwork\Nightveil_M.imageset\Contents.json","6D36FA23EB656265C652088B518800D1D5D8E79903B93D5E7C553818CC89580A"
"C:\Users\Dan\Documents\adhd\adhd\adhd\Assets.xcassets\Nightveil_M.imageset\Nightveil_M.png","C:\Users\Dan\Documents\adhd\windows\reference\artwork\Nightveil_M.imageset\Nightveil_M.png","B69EBD51E8CB0076F0882A6AAD3F5C47F5BA4F5579C44DBD106D3B083E8B1214"
"C:\Users\Dan\Documents\adhd\adhd\adhd\Assets.xcassets\ring_left_ringofquietstars_nightveil_cozy.imageset\Contents.json","C:\Users\Dan\Documents\adhd\windows\reference\artwork\ring_left_ringofquietstars_nightveil_cozy.imageset\Contents.json","275C04C06DC94FAF9142D9DBE22C5828B4C3BFA8401A6A8AB41441BBDCE5258B"
"C:\Users\Dan\Documents\adhd\adhd\adhd\Assets.xcassets\ring_left_ringofquietstars_nightveil_cozy.imageset\ring_left_ringofquietstars_nightveil_cozy.png","C:\Users\Dan\Documents\adhd\windows\reference\artwork\ring_left_ringofquietstars_nightveil_cozy.imageset\ring_left_ringofquietstars_nightveil_cozy.png","2E9474DE9616EBE48FA5D4C1750ACF6E1AA845F916D614466AA9858636560631"
"C:\Users\Dan\Documents\adhd\adhd\adhd\Assets.xcassets\ring_right_ringofveiledpaths_nightveil_cozy.imageset\Contents.json","C:\Users\Dan\Documents\adhd\windows\reference\artwork\ring_right_ringofveiledpaths_nightveil_cozy.imageset\Contents.json","451343822A0675032D48E15991733E8B496D0F19D0BCB3440073F181B112FBB0"
"C:\Users\Dan\Documents\adhd\adhd\adhd\Assets.xcassets\ring_right_ringofveiledpaths_nightveil_cozy.imageset\ring_right_ringofveiledpaths_nightveil_cozy.png","C:\Users\Dan\Documents\adhd\windows\reference\artwork\ring_right_ringofveiledpaths_nightveil_cozy.imageset\ring_right_ringofveiledpaths_nightveil_cozy.png","2C69642858EF25D6342B307D58AABF5164FC6CBCB2B413B687B31FBE9986DF9C"
"C:\Users\Dan\Documents\adhd\adhd\adhd\Assets.xcassets\StandardClothes_F.imageset\Contents.json","C:\Users\Dan\Documents\adhd\windows\reference\artwork\StandardClothes_F.imageset\Contents.json","543F1B7688DE392943B1C740EEAF8F62CF948DFD62A16F1FA747217C9D8DFECB"
"C:\Users\Dan\Documents\adhd\adhd\adhd\Assets.xcassets\StandardClothes_F.imageset\StandardClothes_F.png","C:\Users\Dan\Documents\adhd\windows\reference\artwork\StandardClothes_F.imageset\StandardClothes_F.png","053921F087ED0C0B0C36C4AD382540021E72D314A4E69D7FE8B2B2D76EB7B4CE"
"C:\Users\Dan\Documents\adhd\adhd\adhd\Assets.xcassets\StandardClothes_M.imageset\Contents.json","C:\Users\Dan\Documents\adhd\windows\reference\artwork\StandardClothes_M.imageset\Contents.json","68DE6E2A64C260BAD25090046E5FA8480618721B626A7CF0ABEF3719943F628E"
"C:\Users\Dan\Documents\adhd\adhd\adhd\Assets.xcassets\StandardClothes_M.imageset\StandardClothes_M.png","C:\Users\Dan\Documents\adhd\windows\reference\artwork\StandardClothes_M.imageset\StandardClothes_M.png","9D4299B5EE3BEE7C291840BC8FED95CA14659B0AE6B9A861F1E579CC95C94602"
"C:\Users\Dan\Documents\adhd\adhd\adhd\Assets.xcassets\Storybook_adah_arcanist.imageset\Contents.json","C:\Users\Dan\Documents\adhd\windows\reference\artwork\Storybook_adah_arcanist.imageset\Contents.json","ECFDFF78EF17D384681D93E5CCEB0787A562E0F4C812DBB098BEFECEE1CBD4DC"
"C:\Users\Dan\Documents\adhd\adhd\adhd\Assets.xcassets\Storybook_adah_arcanist.imageset\Storybook_adah_arcanist.png","C:\Users\Dan\Documents\adhd\windows\reference\artwork\Storybook_adah_arcanist.imageset\Storybook_adah_arcanist.png","EA7E510722CD2B8AB6784C9BA1B5FC2A72DBBFA21D5F88829F66965309366420"
"C:\Users\Dan\Documents\adhd\adhd\adhd\Assets.xcassets\Storybook_adah_emberforge.imageset\Contents.json","C:\Users\Dan\Documents\adhd\windows\reference\artwork\Storybook_adah_emberforge.imageset\Contents.json","9F82C744F3D885CA73394D746096A99AA4CD265EBA64ABEE5CD297DD534109D5"
"C:\Users\Dan\Documents\adhd\adhd\adhd\Assets.xcassets\Storybook_adah_emberforge.imageset\Storybook_adah_emberforge.png","C:\Users\Dan\Documents\adhd\windows\reference\artwork\Storybook_adah_emberforge.imageset\Storybook_adah_emberforge.png","B5484CBF7AC22CB294002EF7975D7303C0A52E765425B63FF1377B34F83DA9FC"
"C:\Users\Dan\Documents\adhd\adhd\adhd\Assets.xcassets\Storybook_adah_garden_gnome.imageset\Contents.json","C:\Users\Dan\Documents\adhd\windows\reference\artwork\Storybook_adah_garden_gnome.imageset\Contents.json","F14DBA9E87D43B80ED43AD4850373D3ADBA2D0DAFE8595EF9D2D4F4C3E92728B"
"C:\Users\Dan\Documents\adhd\adhd\adhd\Assets.xcassets\Storybook_adah_garden_gnome.imageset\Storybook_adah_garden_gnome.png","C:\Users\Dan\Documents\adhd\windows\reference\artwork\Storybook_adah_garden_gnome.imageset\Storybook_adah_garden_gnome.png","5FA00A518705F6764E5D2DBB453EA01B6E9FBFE38EA4E5C6AEEDA6EC8B6FCC6B"
"C:\Users\Dan\Documents\adhd\adhd\adhd\Assets.xcassets\Storybook_adah_library.imageset\Contents.json","C:\Users\Dan\Documents\adhd\windows\reference\artwork\Storybook_adah_library.imageset\Contents.json","4F308598B1C8259438E5650B276DAE8DB55C3C3EE366F439B8C0DCDF54DF1BDA"
"C:\Users\Dan\Documents\adhd\adhd\adhd\Assets.xcassets\Storybook_adah_library.imageset\Storybook_adah_library.png","C:\Users\Dan\Documents\adhd\windows\reference\artwork\Storybook_adah_library.imageset\Storybook_adah_library.png","74D8256CC8101F8D3DEF539260DF9D8E38947E457769247513DAB88B87280926"
"C:\Users\Dan\Documents\adhd\adhd\adhd\Assets.xcassets\Storybook_adah_micah.imageset\Contents.json","C:\Users\Dan\Documents\adhd\windows\reference\artwork\Storybook_adah_micah.imageset\Contents.json","13AE4415CE53029BAAA4365F057EE212A09EBB6BD73F91457FEED93EF8AACA52"
"C:\Users\Dan\Documents\adhd\adhd\adhd\Assets.xcassets\Storybook_adah_micah.imageset\Storybook_adah_micah.png","C:\Users\Dan\Documents\adhd\windows\reference\artwork\Storybook_adah_micah.imageset\Storybook_adah_micah.png","7FFCF48B645709C57E7FCFA9FB4157BF5637D3C22E6F01ED3353AE085D67898F"
"C:\Users\Dan\Documents\adhd\adhd\adhd\Assets.xcassets\Storybook_adah_nightveil.imageset\Contents.json","C:\Users\Dan\Documents\adhd\windows\reference\artwork\Storybook_adah_nightveil.imageset\Contents.json","71485D918D6D723BFD7AF52ACA6A2EB3EFD8A96A29C5E72D9C54FFBEAB75B5FA"
"C:\Users\Dan\Documents\adhd\adhd\adhd\Assets.xcassets\Storybook_adah_nightveil.imageset\Storybook_adah_nightveil.png","C:\Users\Dan\Documents\adhd\windows\reference\artwork\Storybook_adah_nightveil.imageset\Storybook_adah_nightveil.png","E9D13C03286A28F074785F7721C6E3488E1BF206EDAC6C875C753B03980F6E25"
"C:\Users\Dan\Documents\adhd\adhd\adhd\Assets.xcassets\Storybook_adah_stacy.imageset\Contents.json","C:\Users\Dan\Documents\adhd\windows\reference\artwork\Storybook_adah_stacy.imageset\Contents.json","7855DD9EBAADA64C930E1E86B8D52E41BC882CC833E33FD6259165C982CAF6A9"
"C:\Users\Dan\Documents\adhd\adhd\adhd\Assets.xcassets\Storybook_adah_stacy.imageset\Storybook_adah_stacy.png","C:\Users\Dan\Documents\adhd\windows\reference\artwork\Storybook_adah_stacy.imageset\Storybook_adah_stacy.png","B1679886F50A98A6D4EF8B8DED85B586EE4F3681757DBE2251CD1B72F4B35D47"
"C:\Users\Dan\Documents\adhd\adhd\adhd\Assets.xcassets\Storybook_adah_standard.imageset\Contents.json","C:\Users\Dan\Documents\adhd\windows\reference\artwork\Storybook_adah_standard.imageset\Contents.json","D60B13C6ED484DE4022180045BC3CFF97738EC91869FE0CFBC249E6CFAFEB340"
"C:\Users\Dan\Documents\adhd\adhd\adhd\Assets.xcassets\Storybook_adah_standard.imageset\Storybook_adah_standard.png","C:\Users\Dan\Documents\adhd\windows\reference\artwork\Storybook_adah_standard.imageset\Storybook_adah_standard.png","DB5CD2CFDFD91ECE27571CB2BB01E7E9C78C2DB821AB3D0957E07A85653DDFA0"
"C:\Users\Dan\Documents\adhd\adhd\adhd\Assets.xcassets\Storybook_adah_wood_elf.imageset\Contents.json","C:\Users\Dan\Documents\adhd\windows\reference\artwork\Storybook_adah_wood_elf.imageset\Contents.json","4A63685A81C7029D4C44326776AA255F2F1F81E9BBFCD1DE23B8FBEDF048EB16"
"C:\Users\Dan\Documents\adhd\adhd\adhd\Assets.xcassets\Storybook_adah_wood_elf.imageset\Storybook_adah_wood_elf.png","C:\Users\Dan\Documents\adhd\windows\reference\artwork\Storybook_adah_wood_elf.imageset\Storybook_adah_wood_elf.png","3DB71A7651EE8E54576C4A33C1EDD97C31A0D2B751D7EF2316E6DADBEA31E9BF"
"C:\Users\Dan\Documents\adhd\adhd\adhd\Assets.xcassets\Storybook_Arcanist_set.imageset\Contents.json","C:\Users\Dan\Documents\adhd\windows\reference\artwork\Storybook_Arcanist_set.imageset\Contents.json","6FACB666C40AE36BA92E770F78AF1E41800FD5B522DA73210FA8DAC1D7DD1779"
"C:\Users\Dan\Documents\adhd\adhd\adhd\Assets.xcassets\Storybook_Arcanist_set.imageset\Storybook_Arcanist_set.png","C:\Users\Dan\Documents\adhd\windows\reference\artwork\Storybook_Arcanist_set.imageset\Storybook_Arcanist_set.png","C2118A5506DB5CC3594ECE967EB9BDEA574B6C48BD797F3EB70955E7B8DED61D"
"C:\Users\Dan\Documents\adhd\adhd\adhd\Assets.xcassets\Storybook_Emberforge_F.imageset\Contents.json","C:\Users\Dan\Documents\adhd\windows\reference\artwork\Storybook_Emberforge_F.imageset\Contents.json","0F2D1D0458D0F8C3D69DEF3ACF58DB38A5DAB00F1FBBBEFEA0CFDAF14F99C0A1"
"C:\Users\Dan\Documents\adhd\adhd\adhd\Assets.xcassets\Storybook_Emberforge_F.imageset\Storybook_Emberforge_F.png","C:\Users\Dan\Documents\adhd\windows\reference\artwork\Storybook_Emberforge_F.imageset\Storybook_Emberforge_F.png","E64050B15C0D72F6283F3FB35A74B2DFAFAD29641BD3D802D198D56DB1935785"
"C:\Users\Dan\Documents\adhd\adhd\adhd\Assets.xcassets\Storybook_Emberforg_M.imageset\Contents.json","C:\Users\Dan\Documents\adhd\windows\reference\artwork\Storybook_Emberforg_M.imageset\Contents.json","D69523C4E136F6ACC6895AEA9796188B5B913DC019F1F5F5DD653CFA790B722A"
"C:\Users\Dan\Documents\adhd\adhd\adhd\Assets.xcassets\Storybook_Emberforg_M.imageset\Storybook_Emberforg_M.png","C:\Users\Dan\Documents\adhd\windows\reference\artwork\Storybook_Emberforg_M.imageset\Storybook_Emberforg_M.png","E64050B15C0D72F6283F3FB35A74B2DFAFAD29641BD3D802D198D56DB1935785"
"C:\Users\Dan\Documents\adhd\adhd\adhd\Assets.xcassets\Storybook_GardenGnome_set.imageset\Contents.json","C:\Users\Dan\Documents\adhd\windows\reference\artwork\Storybook_GardenGnome_set.imageset\Contents.json","146610CE0B58A13D62C387610BDFD3A7F7FAD033B99E2234EB5F2DE36E6946B1"
"C:\Users\Dan\Documents\adhd\adhd\adhd\Assets.xcassets\Storybook_GardenGnome_set.imageset\Storybook_GardenGnome_set.png","C:\Users\Dan\Documents\adhd\windows\reference\artwork\Storybook_GardenGnome_set.imageset\Storybook_GardenGnome_set.png","15ACAB6D54C9BA0FFFCD3627123EE52A8473F555CE3CCF542BA1CC4F548C99D7"
"C:\Users\Dan\Documents\adhd\adhd\adhd\Assets.xcassets\Storybook_Library_SheekF.imageset\Contents.json","C:\Users\Dan\Documents\adhd\windows\reference\artwork\Storybook_Library_SheekF.imageset\Contents.json","4E55F6B2CB6D015505FCC755BEA041A853FFE12E1BC4924B83B9FBC470FF30DD"
"C:\Users\Dan\Documents\adhd\adhd\adhd\Assets.xcassets\Storybook_Library_SheekF.imageset\Storybook_Library_SheekF.png","C:\Users\Dan\Documents\adhd\windows\reference\artwork\Storybook_Library_SheekF.imageset\Storybook_Library_SheekF.png","AB25226A519AB0BF1012B52421B343A12D9729D4EE2091A5C7F78A403F076425"
"C:\Users\Dan\Documents\adhd\adhd\adhd\Assets.xcassets\Storybook_Library_SheekM.imageset\Contents.json","C:\Users\Dan\Documents\adhd\windows\reference\artwork\Storybook_Library_SheekM.imageset\Contents.json","C78086814D8C8DEA0BAAD7B8552C7E7D5CA0B10E59A3E413C194F2B8B5EDA60E"
"C:\Users\Dan\Documents\adhd\adhd\adhd\Assets.xcassets\Storybook_Library_SheekM.imageset\Storybook_Library_SheekM.png","C:\Users\Dan\Documents\adhd\windows\reference\artwork\Storybook_Library_SheekM.imageset\Storybook_Library_SheekM.png","AB25226A519AB0BF1012B52421B343A12D9729D4EE2091A5C7F78A403F076425"
"C:\Users\Dan\Documents\adhd\adhd\adhd\Assets.xcassets\Storybook_Micah_set.imageset\Contents.json","C:\Users\Dan\Documents\adhd\windows\reference\artwork\Storybook_Micah_set.imageset\Contents.json","D8431505C829002090CCB96E177AAA78672151C520F4323B129E3C1DD76D926F"
"C:\Users\Dan\Documents\adhd\adhd\adhd\Assets.xcassets\Storybook_Micah_set.imageset\Storybook_Micah_set.png","C:\Users\Dan\Documents\adhd\windows\reference\artwork\Storybook_Micah_set.imageset\Storybook_Micah_set.png","85E34CBCBA01257C622C4BEDA8C13C4CB6716C8F2445043C945CB214A2BC31D5"
"C:\Users\Dan\Documents\adhd\adhd\adhd\Assets.xcassets\Storybook_Nightveil_F.imageset\Contents.json","C:\Users\Dan\Documents\adhd\windows\reference\artwork\Storybook_Nightveil_F.imageset\Contents.json","718B6AF066A225FD59860CD3CBB047AE2478D2BD2E3639DC24F53A8D67FDBFA8"
"C:\Users\Dan\Documents\adhd\adhd\adhd\Assets.xcassets\Storybook_Nightveil_F.imageset\Storybook_Nightveil_F.png","C:\Users\Dan\Documents\adhd\windows\reference\artwork\Storybook_Nightveil_F.imageset\Storybook_Nightveil_F.png","199E0F924246DB414ADCFCD12B0FCD4F9F558052CC5A74AAE8EEC62B16B75B0F"
"C:\Users\Dan\Documents\adhd\adhd\adhd\Assets.xcassets\Storybook_Nightveil_M.imageset\Contents.json","C:\Users\Dan\Documents\adhd\windows\reference\artwork\Storybook_Nightveil_M.imageset\Contents.json","81F4424DE007B03C1CBE6DE0E242B4636C8C1914B45E0CD227BA5FBAD392F81D"
"C:\Users\Dan\Documents\adhd\adhd\adhd\Assets.xcassets\Storybook_Nightveil_M.imageset\Storybook_Nightveil_M.png","C:\Users\Dan\Documents\adhd\windows\reference\artwork\Storybook_Nightveil_M.imageset\Storybook_Nightveil_M.png","199E0F924246DB414ADCFCD12B0FCD4F9F558052CC5A74AAE8EEC62B16B75B0F"
"C:\Users\Dan\Documents\adhd\adhd\adhd\Assets.xcassets\Storybook_Stacy_set.imageset\Contents.json","C:\Users\Dan\Documents\adhd\windows\reference\artwork\Storybook_Stacy_set.imageset\Contents.json","D156A2506A7908FB9C632293B4D6F1A9C197D2052D0A6D1648707A4836BB0D0E"
"C:\Users\Dan\Documents\adhd\adhd\adhd\Assets.xcassets\Storybook_Stacy_set.imageset\Storybook_Stacy_set.png","C:\Users\Dan\Documents\adhd\windows\reference\artwork\Storybook_Stacy_set.imageset\Storybook_Stacy_set.png","62B2E480E76CCB3DF9DE261544B56989286254158E12F57C51FA23BEAE54DC99"
"C:\Users\Dan\Documents\adhd\adhd\adhd\Assets.xcassets\Storybook_StandardClothes_F.imageset\Contents.json","C:\Users\Dan\Documents\adhd\windows\reference\artwork\Storybook_StandardClothes_F.imageset\Contents.json","A9B1406230EF58F769C1347ACCE80A2BA6FE2B48335CE2A24E6C8E1FC9E4DC97"
"C:\Users\Dan\Documents\adhd\adhd\adhd\Assets.xcassets\Storybook_StandardClothes_F.imageset\Storybook_StandardClothes_F.png","C:\Users\Dan\Documents\adhd\windows\reference\artwork\Storybook_StandardClothes_F.imageset\Storybook_StandardClothes_F.png","3B464F6C837E2A0EE01E17364B28ADA8E02BADD26946082687FA789CAAC41792"
"C:\Users\Dan\Documents\adhd\adhd\adhd\Assets.xcassets\Storybook_StandardClothes_M.imageset\Contents.json","C:\Users\Dan\Documents\adhd\windows\reference\artwork\Storybook_StandardClothes_M.imageset\Contents.json","4352C99B62B39F88FBBE2982850CBCAACE6BA6C40811AD85213BE87926C1004E"
"C:\Users\Dan\Documents\adhd\adhd\adhd\Assets.xcassets\Storybook_StandardClothes_M.imageset\Storybook_StandardClothes_M.png","C:\Users\Dan\Documents\adhd\windows\reference\artwork\Storybook_StandardClothes_M.imageset\Storybook_StandardClothes_M.png","3B464F6C837E2A0EE01E17364B28ADA8E02BADD26946082687FA789CAAC41792"
"C:\Users\Dan\Documents\adhd\adhd\adhd\Assets.xcassets\Storybook_Weekly_Monsters 1-9.imageset\Contents.json","C:\Users\Dan\Documents\adhd\windows\reference\artwork\Storybook_Weekly_Monsters 1-9.imageset\Contents.json","15002DC7373F2D7111466524B133A4687B80459868E457585205F4084E25880C"
"C:\Users\Dan\Documents\adhd\adhd\adhd\Assets.xcassets\Storybook_Weekly_Monsters 1-9.imageset\Storybook_Weekly_Monsters 1-9.png","C:\Users\Dan\Documents\adhd\windows\reference\artwork\Storybook_Weekly_Monsters 1-9.imageset\Storybook_Weekly_Monsters 1-9.png","FF5337DAA78CA62CA6B3FF9AD572509C6AFE28348515043E9627B28D2A7F9B29"
"C:\Users\Dan\Documents\adhd\adhd\adhd\Assets.xcassets\Storybook_Weekly_monsters 10-18.imageset\Contents.json","C:\Users\Dan\Documents\adhd\windows\reference\artwork\Storybook_Weekly_monsters 10-18.imageset\Contents.json","1E7530938EE706E3D5AC53F1422F9CAA0657996C68EC9F824A86D0D4DFF7F84B"
"C:\Users\Dan\Documents\adhd\adhd\adhd\Assets.xcassets\Storybook_Weekly_monsters 10-18.imageset\Storybook_Weekly_monsters 10-18.png","C:\Users\Dan\Documents\adhd\windows\reference\artwork\Storybook_Weekly_monsters 10-18.imageset\Storybook_Weekly_monsters 10-18.png","345F76B2B357D2A1816B15A3A6BBE8F792503166E4BF958B6F02B6E3C55AFC66"
"C:\Users\Dan\Documents\adhd\adhd\adhd\Assets.xcassets\Storybook_WoodElf_set.imageset\Contents.json","C:\Users\Dan\Documents\adhd\windows\reference\artwork\Storybook_WoodElf_set.imageset\Contents.json","1A62EBE00F35F97DFE502B3DD946C94322C19A252C48802B345F914F2CA5C998"
"C:\Users\Dan\Documents\adhd\adhd\adhd\Assets.xcassets\Storybook_WoodElf_set.imageset\Storybook_WoodElf_set.png","C:\Users\Dan\Documents\adhd\windows\reference\artwork\Storybook_WoodElf_set.imageset\Storybook_WoodElf_set.png","421A29A9893446B584EF94F34E24A87516570B51362F9263B35CA5970638811D"
"C:\Users\Dan\Documents\adhd\adhd\adhd\Assets.xcassets\weapon_main_front_umbralfangblade_nightveil_cozy.imageset\Contents.json","C:\Users\Dan\Documents\adhd\windows\reference\artwork\weapon_main_front_umbralfangblade_nightveil_cozy.imageset\Contents.json","B7D76E7F0AF1DB705AB1815CAB63D71271C09205B56ECE4BA3518326D9912C7E"
"C:\Users\Dan\Documents\adhd\adhd\adhd\Assets.xcassets\weapon_main_front_umbralfangblade_nightveil_cozy.imageset\weapon_main_front_umbralfangblade_nightveil_cozy.png","C:\Users\Dan\Documents\adhd\windows\reference\artwork\weapon_main_front_umbralfangblade_nightveil_cozy.imageset\weapon_main_front_umbralfangblade_nightveil_cozy.png","16C3B8AC29524201D666D13BD5BA4C920B5724B3EFFAA205FE437A2FD6846C56"
"C:\Users\Dan\Documents\adhd\adhd\adhd\Assets.xcassets\Weekly_Monsters 1-9.imageset\Contents.json","C:\Users\Dan\Documents\adhd\windows\reference\artwork\Weekly_Monsters 1-9.imageset\Contents.json","80AE7249884F2478AE5DE9FEB9BB25AA37E898DEFB61BE949E46E89898982F9D"
"C:\Users\Dan\Documents\adhd\adhd\adhd\Assets.xcassets\Weekly_Monsters 1-9.imageset\Weekly_Monsters 1-9.png","C:\Users\Dan\Documents\adhd\windows\reference\artwork\Weekly_Monsters 1-9.imageset\Weekly_Monsters 1-9.png","5BEFBC98F2A79B4C9019D54EEF1B8125695EA9BC5C9880AF86DC25540A234D57"
"C:\Users\Dan\Documents\adhd\adhd\adhd\Assets.xcassets\Weekly_monsters 10-18.imageset\Contents.json","C:\Users\Dan\Documents\adhd\windows\reference\artwork\Weekly_monsters 10-18.imageset\Contents.json","924D250D69BD308F90B5045A7BC8E88E786D0048C8FA9E4D67D48347B6DDB705"
"C:\Users\Dan\Documents\adhd\adhd\adhd\Assets.xcassets\Weekly_monsters 10-18.imageset\Weekly_monsters 10-18.png","C:\Users\Dan\Documents\adhd\windows\reference\artwork\Weekly_monsters 10-18.imageset\Weekly_monsters 10-18.png","AE82EC237ACC8BB8235160FD91D1C4FD1A78B30A95D2F017E9F8567193E1BC58"
